"Reference","Value","Footprint","Datasheet","Qty","DNP","Exclude from BOM","Exclude from Board"
"A1","RaspberryPi_Pico","Module:RaspberryPi_Pico_SMD_HandSolder","https://datasheets.raspberrypi.com/pico/pico-datasheet.pdf","1","","",""
"C1,C2","0.1uF","Capacitor_THT:CP_Radial_D4.0mm_P2.00mm","~","2","","",""
"D1","Main_Break","LED_THT:LED_D3.0mm_Clear","~","1","","",""
"D2","Prog_Break","LED_THT:LED_D3.0mm_Clear","~","1","","",""
"J1","Conn_01x16","Connector_PinHeader_2.54mm:PinHeader_1x16_P2.54mm_Vertical","~","1","","",""
"J2","Debug","Connector_PinHeader_2.54mm:PinHeader_2x03_P2.54mm_Vertical","~","1","","",""
"J4","5v PWR","TerminalBlock_RND:TerminalBlock_RND_205-00012_1x02_P5.00mm_Horizontal","~","1","","",""
"Q1,Q2","BC108","Package_TO_SOT_THT:TO-18-3","http://www.b-kainka.de/Daten/Transistor/BC108.pdf","2","","",""
"R1,R2,R3,R4,R7,R8","1K","Resistor_THT:R_Axial_DIN0207_L6.3mm_D2.5mm_P10.16mm_Horizontal","~","6","","",""
"R5,R6","330","Resistor_THT:R_Axial_DIN0207_L6.3mm_D2.5mm_P10.16mm_Horizontal","~","2","","",""
"TP1,TP4","TP_M_PWM","Connector_PinSocket_2.54mm:PinSocket_1x01_P2.54mm_Vertical","~","2","","",""
"TP2,TP5","TP_M_EN","Connector_PinSocket_2.54mm:PinSocket_1x01_P2.54mm_Vertical","~","2","","",""
"TP3,TP6","TP_M_IS","Connector_PinSocket_2.54mm:PinSocket_1x01_P2.54mm_Vertical","~","2","","",""
"TP7","TP_VCC","Connector_PinSocket_2.54mm:PinSocket_1x01_P2.54mm_Vertical","~","1","","",""
"TP8","TP_GND","Connector_PinSocket_2.54mm:PinSocket_1x01_P2.54mm_Vertical","~","1","","",""
"U1,U2","~","Connector_PinHeader_2.54mm:PinHeader_2x04_P2.54mm_Vertical","","2","","",""
